project_id,industry,team_size,budget_k,duration_months,complexity,vendor_count,risk_score,stakeholder_engagement,actual_cost_k,success,satisfaction
P0001,Manufacturing,18,167,3,6.42,3,0.89,1,252.18,0,0.24
P0002,Finance,20,215,16,4.04,3,0.87,4,289.49,0,9.41
P0003,Retail,17,473,3,6.24,2,0.47,4,637.12,0,8.71
P0004,Finance,3,470,8,6.51,4,0.7,2,690.25,0,4.21
P0005,Retail,17,132,3,3.84,2,0.99,5,201.69,0,10.0
P0006,Manufacturing,7,230,11,4.73,2,0.67,1,303.64,0,1.63
P0007,Finance,8,144,3,6.61,4,0.45,1,205.79,0,1.96
P0008,Retail,5,427,5,8.92,2,0.87,3,705.17,0,6.05
P0009,Healthcare,7,316,14,1.08,3,0.4,4,331.42,1,9.1
P0010,Finance,11,378,22,4.56,6,0.77,2,528.14,0,3.75
P0011,Finance,17,75,19,7.53,3,0.61,2,139.86,0,3.75
P0012,Finance,18,91,21,8.91,0,0.09,2,122.12,0,4.06
P0013,Finance,6,309,13,1.88,3,0.1,5,301.73,1,10.0
P0014,Retail,17,198,6,4.66,0,0.7,4,257.09,0,7.89
P0015,Retail,12,444,16,7.88,3,0.34,5,636.62,0,8.72
P0016,Finance,11,239,4,8.05,1,0.7,1,377.7,0,2.64
P0017,Retail,20,339,21,5.99,1,0.22,5,430.23,0,10.0
P0018,Retail,10,89,14,1.51,5,0.74,3,129.4,0,3.71
P0019,Retail,20,155,3,5.1,1,0.23,4,192.54,0,8.73
P0020,Retail,17,137,3,8.85,2,0.95,1,256.14,0,1.92
P0021,Finance,13,320,23,9.62,2,0.73,1,530.05,0,1.45
P0022,Retail,7,473,16,5.66,0,0.72,4,688.14,0,7.87
P0023,Technology,14,361,21,7.72,0,0.22,1,533.28,0,3.34
P0024,Manufacturing,6,108,20,3.17,0,0.02,1,96.42,1,4.57
P0025,Healthcare,11,277,9,8.09,1,0.46,3,420.81,0,7.2
P0026,Healthcare,4,407,4,8.76,3,0.27,4,603.3,0,7.74
P0027,Finance,6,176,13,9.83,2,0.79,4,284.41,0,6.32
P0028,Healthcare,18,469,22,1.48,1,0.77,5,537.05,0,10.0
P0029,Finance,10,74,7,4.78,3,0.13,1,62.57,1,0.95
P0030,Healthcare,10,175,11,3.55,1,0.79,5,242.57,0,10.0
P0031,Retail,14,464,12,1.63,0,0.89,4,556.79,0,6.61
P0032,Healthcare,13,276,3,3.76,3,0.43,2,326.94,0,3.83
P0033,Healthcare,6,244,23,3.93,1,0.13,2,239.21,1,8.06
P0034,Technology,6,123,15,7.21,3,0.24,1,167.67,0,0.42
P0035,Healthcare,9,359,14,6.6,2,0.09,4,435.62,0,9.66
P0036,Technology,17,143,21,7.55,2,0.44,1,217.93,0,1.84
P0037,Technology,18,53,17,1.83,0,0.09,5,51.61,1,10.0
P0038,Manufacturing,9,407,8,3.27,1,0.13,2,437.83,1,5.99
P0039,Finance,16,279,19,8.48,3,0.8,1,478.25,0,0.65
P0040,Retail,13,188,21,5.99,2,0.36,2,229.47,0,2.34
P0041,Retail,8,474,7,9.44,1,0.7,2,780.9,0,3.72
P0042,Healthcare,15,168,17,4.47,1,0.63,3,197.59,0,4.58
P0043,Finance,15,424,12,2.55,2,0.24,3,447.22,1,8.54
P0044,Healthcare,17,335,6,7.76,4,0.29,3,501.45,0,5.51
P0045,Manufacturing,12,395,7,1.65,0,0.98,2,501.71,0,4.21
P0046,Healthcare,6,267,21,3.46,1,0.89,1,339.39,0,0.53
P0047,Finance,6,222,22,3.97,3,0.89,3,321.18,0,5.2
P0048,Finance,7,415,12,9.04,3,0.15,4,596.03,0,7.96
P0049,Technology,5,382,12,2.38,2,0.97,5,492.56,0,9.03
P0050,Technology,16,272,15,1.02,4,0.7,2,315.53,0,5.35
P0051,Finance,13,446,3,9.92,3,0.54,5,735.96,0,10.0
P0052,Manufacturing,19,463,3,5.52,6,0.17,2,573.71,0,2.44
P0053,Healthcare,7,450,7,6.23,1,0.63,3,624.85,0,6.82
P0054,Technology,14,384,10,2.66,1,0.72,4,459.79,0,5.8
P0055,Finance,3,259,8,2.57,2,0.61,4,305.37,0,6.39
P0056,Retail,6,264,8,4.89,3,0.82,2,389.29,0,3.12
P0057,Manufacturing,4,329,11,6.08,1,0.27,1,420.15,0,1.38
P0058,Retail,18,328,16,1.96,6,0.15,3,299.45,1,9.49
P0059,Finance,20,257,23,9.07,1,0.48,4,401.29,0,8.33
P0060,Manufacturing,20,204,9,3.44,2,0.34,5,208.68,1,10.0
P0061,Technology,14,147,17,6.63,3,0.83,4,238.08,0,7.0
P0062,Technology,17,172,5,6.46,3,0.87,2,267.87,0,4.56
P0063,Healthcare,9,445,17,5.84,1,0.02,4,530.04,0,8.2
P0064,Healthcare,3,391,12,2.8,2,0.78,3,471.04,0,5.64
P0065,Healthcare,15,317,10,2.73,4,0.55,1,399.79,0,1.96
P0066,Finance,7,465,3,2.44,0,0.97,2,618.23,0,5.85
P0067,Healthcare,19,120,6,6.48,3,0.42,5,151.52,0,9.84
P0068,Technology,17,326,10,5.13,2,0.95,3,484.49,0,7.06
P0069,Healthcare,19,91,19,7.49,1,0.21,3,121.2,0,4.92
P0070,Technology,3,476,15,8.04,1,0.41,3,677.21,0,6.42
P0071,Retail,14,500,10,7.06,1,0.01,4,610.59,0,6.7
P0072,Finance,20,316,20,9.59,3,0.62,1,511.53,0,1.47
P0073,Retail,11,362,5,4.83,0,0.21,1,434.19,0,1.21
P0074,Manufacturing,3,262,14,6.45,0,0.73,5,379.44,0,10.0
P0075,Technology,7,235,8,1.29,4,0.9,2,252.04,0,2.74
P0076,Healthcare,15,248,22,8.85,1,0.03,5,346.54,0,8.68
P0077,Manufacturing,20,373,6,6.68,1,0.48,3,512.06,0,5.36
P0078,Technology,19,498,7,5.79,1,0.45,5,651.32,0,8.95
P0079,Healthcare,15,291,3,4.38,2,0.96,2,401.48,0,1.17
P0080,Healthcare,18,324,13,5.07,5,0.26,2,392.2,0,3.21
P0081,Retail,7,485,8,7.73,1,0.39,4,670.97,0,8.99
P0082,Technology,10,110,3,6.92,3,0.83,1,156.18,0,2.79
P0083,Retail,5,461,16,6.26,4,0.51,5,628.08,0,10.0
P0084,Retail,19,149,8,7.55,3,0.29,1,187.53,0,1.72
P0085,Manufacturing,19,162,13,6.44,1,0.78,5,212.13,0,9.55
P0086,Finance,5,158,14,8.91,1,0.94,2,242.38,0,4.3
P0087,Retail,18,377,15,1.09,1,0.59,1,419.34,0,1.98
P0088,Technology,20,95,3,1.11,1,0.51,3,92.72,0,5.7
P0089,Manufacturing,17,415,20,9.28,3,0.18,3,605.86,0,5.65
P0090,Retail,19,170,4,5.11,0,0.41,5,216.37,0,8.43
P0091,Manufacturing,3,429,23,9.54,3,1.0,2,755.42,0,3.89
P0092,Finance,14,147,21,3.39,0,0.53,2,141.65,0,5.76
P0093,Technology,8,170,21,2.8,2,0.07,4,171.27,1,9.67
P0094,Healthcare,3,397,7,3.09,3,0.7,5,496.99,0,10.0
P0095,Finance,4,138,19,9.69,1,0.0,5,220.88,0,9.44
P0096,Technology,14,269,17,9.71,2,0.7,1,442.16,0,1.52
P0097,Retail,16,190,8,7.83,0,0.97,4,307.69,0,7.16
P0098,Manufacturing,13,188,23,9.87,2,0.47,2,318.15,0,3.96
P0099,Healthcare,5,82,21,4.97,2,0.91,2,99.99,0,4.77
P0100,Healthcare,14,114,6,9.89,1,0.58,5,205.77,0,8.59
P0101,Finance,6,442,12,4.63,0,0.94,3,639.43,0,4.94
P0102,Technology,8,123,15,2.98,3,0.64,1,163.36,0,1.47
P0103,Healthcare,12,445,6,4.83,1,0.02,3,511.05,1,8.46
P0104,Technology,14,191,17,6.55,5,0.73,3,285.72,0,6.57
P0105,Healthcare,11,412,10,7.36,5,0.37,5,602.85,0,10.0
P0106,Manufacturing,17,96,6,3.78,5,0.82,3,134.45,0,6.51
P0107,Finance,11,228,5,5.52,1,0.77,5,325.41,0,10.0
P0108,Technology,14,143,5,4.43,2,0.09,4,150.69,1,9.57
P0109,Manufacturing,6,453,20,4.49,2,0.46,1,573.44,0,3.3
P0110,Retail,14,215,10,3.07,0,0.95,2,291.62,0,3.88
P0111,Retail,8,395,16,8.03,3,0.46,1,596.38,0,2.2
P0112,Manufacturing,16,168,14,3.84,3,0.26,3,203.72,0,6.66
P0113,Manufacturing,5,348,7,3.4,2,0.21,1,375.43,1,3.86
P0114,Healthcare,5,59,17,4.04,3,0.96,2,73.7,0,2.25
P0115,Technology,6,359,20,3.27,2,0.55,3,414.03,0,5.64
P0116,Finance,9,81,22,8.95,4,0.01,1,108.27,0,0.63
P0117,Healthcare,16,366,18,3.26,2,0.08,4,371.77,1,9.27
P0118,Technology,9,283,8,3.44,2,0.95,5,413.81,0,10.0
P0119,Retail,9,265,23,8.22,3,0.47,1,418.3,0,1.37
P0120,Finance,8,275,21,3.58,4,0.79,4,379.93,0,8.42
P0121,Retail,20,389,8,9.35,0,0.48,5,589.04,0,8.18
P0122,Healthcare,12,137,7,7.28,3,0.06,3,182.28,0,5.91
P0123,Finance,6,199,9,3.81,1,0.34,4,214.35,1,9.47
P0124,Finance,14,189,15,9.21,0,0.03,2,277.93,0,2.95
P0125,Technology,6,178,15,5.75,2,0.14,3,213.16,0,5.2
P0126,Healthcare,9,257,4,4.64,0,0.71,3,368.23,0,7.2
P0127,Technology,11,488,22,5.61,2,0.93,1,720.11,0,1.0
P0128,Healthcare,8,150,13,9.17,5,0.92,5,266.37,0,10.0
P0129,Retail,14,425,18,2.77,0,0.89,3,527.14,0,7.16
P0130,Retail,16,335,10,6.79,2,0.47,2,478.96,0,3.27
P0131,Retail,14,341,23,1.34,5,0.35,2,341.7,1,6.21
P0132,Healthcare,18,98,10,2.13,2,0.35,5,103.11,1,10.0
P0133,Technology,4,372,19,8.17,5,0.0,4,493.62,0,6.24
P0134,Healthcare,4,125,9,1.82,1,0.27,3,129.48,1,6.84
P0135,Manufacturing,16,140,19,1.95,2,0.49,4,159.39,1,10.0
P0136,Finance,20,264,16,2.75,2,0.59,1,297.74,0,2.43
P0137,Finance,14,343,20,8.57,0,0.35,5,505.64,0,9.61
P0138,Retail,10,100,9,5.63,2,0.23,3,141.79,0,6.64
P0139,Retail,20,81,23,3.96,0,0.04,5,79.9,1,10.0
P0140,Retail,10,381,19,3.84,2,0.24,1,412.94,1,5.91
P0141,Healthcare,8,237,21,5.07,2,0.92,1,342.49,0,0.66
P0142,Finance,7,478,20,1.96,4,0.39,5,492.12,1,10.0
P0143,Retail,7,285,5,3.03,3,0.33,5,349.29,0,9.41
P0144,Manufacturing,14,194,21,1.31,3,0.97,5,229.17,0,9.57
P0145,Technology,19,337,13,9.51,1,0.85,3,554.95,0,8.24
P0146,Healthcare,15,294,15,8.03,1,0.86,5,465.49,0,10.0
P0147,Manufacturing,4,140,21,6.53,1,0.43,4,177.57,0,7.78
P0148,Retail,8,355,15,6.0,1,0.44,1,467.63,0,2.33
P0149,Healthcare,17,306,7,5.96,2,0.83,5,439.86,0,8.95
P0150,Finance,10,493,14,1.03,1,0.2,3,458.61,1,8.29
P0151,Technology,6,125,13,2.04,2,0.29,2,123.53,1,4.84
P0152,Technology,18,333,7,4.49,0,0.49,5,404.26,0,10.0
P0153,Manufacturing,17,93,9,1.07,0,0.27,5,87.88,1,10.0
P0154,Finance,14,257,22,3.43,3,0.15,5,273.15,1,9.76
P0155,Technology,7,250,12,4.33,1,0.23,5,303.73,0,8.85
P0156,Retail,15,419,11,5.76,2,0.17,2,542.0,0,1.86
P0157,Healthcare,15,397,10,9.86,4,0.78,1,674.76,0,2.17
P0158,Technology,14,363,15,8.33,1,0.95,4,579.41,0,8.41
P0159,Technology,14,115,17,7.94,3,0.68,2,212.58,0,3.4
P0160,Technology,14,51,12,3.26,1,0.29,4,42.95,1,10.0
P0161,Healthcare,16,487,9,5.61,3,0.6,4,652.42,0,6.4
P0162,Retail,7,151,11,2.58,2,0.49,2,178.05,0,3.2
P0163,Technology,6,333,18,9.91,1,0.77,5,580.44,0,10.0
P0164,Retail,10,305,7,5.33,1,0.35,3,409.16,0,5.77
P0165,Healthcare,11,75,4,6.47,1,0.41,1,82.07,1,4.5
P0166,Finance,17,95,4,1.75,1,0.14,2,86.92,1,5.36
P0167,Technology,9,172,19,8.99,1,0.06,3,256.1,0,6.55
P0168,Finance,7,148,19,8.99,1,0.5,5,239.88,0,8.46
P0169,Manufacturing,15,195,10,2.17,0,0.58,1,251.28,0,1.43
P0170,Finance,9,461,8,7.27,2,0.76,3,699.87,0,5.04
P0171,Finance,13,449,9,6.53,2,0.61,2,656.23,0,4.05
P0172,Healthcare,6,177,5,2.29,1,0.54,3,193.94,0,5.68
P0173,Technology,13,85,10,7.88,5,0.78,4,118.53,0,7.89
P0174,Healthcare,12,309,10,2.03,2,0.94,1,397.13,0,1.86
P0175,Technology,13,66,20,6.55,3,0.66,2,99.73,0,2.87
P0176,Retail,18,365,7,3.25,2,0.17,3,380.77,1,6.63
P0177,Technology,9,118,12,3.41,4,0.76,2,147.67,0,3.76
P0178,Retail,16,234,8,3.41,0,0.82,1,330.0,0,1.03
P0179,Healthcare,12,225,16,4.8,3,0.03,5,244.55,1,10.0
P0180,Finance,5,323,21,9.49,3,0.97,4,582.11,0,7.99
P0181,Finance,10,457,4,5.79,0,0.39,4,605.24,0,6.65
P0182,Technology,4,399,6,3.01,2,0.77,4,498.63,0,7.81
P0183,Healthcare,10,476,15,5.8,1,0.87,3,715.94,0,7.03
P0184,Finance,5,402,3,4.29,1,0.34,5,467.61,0,9.18
P0185,Technology,6,280,9,5.26,2,0.61,3,352.43,0,7.07
P0186,Healthcare,13,119,18,4.73,1,0.18,5,120.31,1,10.0
P0187,Finance,20,277,16,3.08,2,0.03,1,277.35,1,3.87
P0188,Finance,3,58,6,6.8,1,0.79,2,71.49,0,3.73
P0189,Retail,20,100,13,3.88,2,0.46,4,150.99,0,7.08
P0190,Healthcare,13,51,13,7.42,3,0.03,4,50.24,1,9.18
P0191,Finance,18,215,6,2.62,4,0.96,3,279.28,0,5.18
P0192,Finance,10,405,18,6.67,3,0.21,2,533.46,0,3.66
P0193,Healthcare,10,121,8,2.05,2,0.84,5,153.8,0,10.0
P0194,Healthcare,3,432,11,9.01,0,0.11,1,610.33,0,3.2
P0195,Retail,16,341,11,9.62,1,0.42,4,560.21,0,8.13
P0196,Technology,8,97,15,3.51,2,0.65,1,130.94,0,2.04
P0197,Retail,10,219,16,9.08,1,0.25,4,317.4,0,9.15
P0198,Finance,20,234,14,1.05,1,0.78,2,253.5,0,1.72
P0199,Finance,18,386,11,6.73,0,0.32,2,518.85,0,3.84
P0200,Technology,9,437,16,5.76,3,0.77,5,651.88,0,9.92
P0201,Healthcare,18,494,3,9.27,2,0.78,5,839.72,0,10.0
P0202,Healthcare,15,290,21,7.19,2,0.64,5,419.94,0,8.33
P0203,Technology,9,438,19,4.1,4,0.82,5,573.7,0,9.44
P0204,Retail,6,294,15,6.22,4,0.83,4,460.89,0,7.31
P0205,Technology,12,342,14,1.41,4,0.12,4,314.17,1,10.0
P0206,Technology,15,452,3,2.71,3,0.37,4,483.86,1,8.79
P0207,Technology,7,185,13,8.31,2,0.63,1,293.97,0,3.67
P0208,Finance,10,60,16,9.32,2,0.29,2,93.98,0,4.35
P0209,Technology,10,335,7,4.6,4,0.23,4,391.34,0,8.65
P0210,Finance,16,311,4,7.99,0,0.46,3,454.6,0,5.6
P0211,Manufacturing,7,216,20,5.92,1,0.37,2,283.87,0,2.15
P0212,Technology,10,414,12,4.92,4,0.57,2,523.96,0,4.15
P0213,Technology,9,195,19,7.97,0,0.41,1,295.76,0,2.33
P0214,Manufacturing,9,398,13,4.59,3,0.47,1,492.63,0,3.24
P0215,Manufacturing,19,468,4,9.11,5,0.36,3,702.03,0,6.17
P0216,Technology,19,374,8,3.82,3,0.08,2,390.9,1,5.57
P0217,Healthcare,4,239,14,6.18,3,0.55,4,334.54,0,7.73
P0218,Retail,11,145,6,1.4,1,0.5,1,148.36,0,3.37
P0219,Technology,17,490,9,6.36,2,0.88,4,766.24,0,6.91
P0220,Finance,9,450,3,7.52,1,0.85,2,738.04,0,3.6
P0221,Finance,3,339,23,2.39,1,0.76,4,416.34,0,7.18
P0222,Technology,6,461,6,5.77,2,0.47,3,585.74,0,5.37
P0223,Finance,8,495,5,5.98,0,0.19,4,638.45,0,9.8
P0224,Retail,13,116,19,9.64,3,0.17,5,173.63,0,10.0
P0225,Healthcare,20,284,13,6.92,3,0.49,3,368.54,0,8.13
P0226,Manufacturing,14,227,23,1.04,2,0.29,2,224.99,1,4.51
P0227,Finance,8,247,12,9.9,2,0.22,2,387.72,0,4.87
P0228,Finance,16,99,23,9.14,1,0.46,2,140.89,0,4.04
P0229,Finance,4,395,12,1.95,2,0.71,4,456.96,0,8.15
P0230,Healthcare,11,450,6,5.69,1,0.39,4,559.82,0,8.66
P0231,Retail,15,402,10,5.09,2,0.61,1,546.56,0,3.17
P0232,Retail,4,440,5,1.15,2,0.55,2,495.99,0,3.35
P0233,Retail,17,123,7,2.43,1,0.69,4,139.43,0,9.27
P0234,Manufacturing,13,298,21,4.45,5,0.72,5,373.4,0,9.79
P0235,Healthcare,14,478,23,4.05,2,0.17,4,556.78,0,7.44
P0236,Retail,16,348,3,5.03,6,0.67,5,522.92,0,8.08
P0237,Finance,15,431,5,2.83,3,0.58,5,490.57,0,10.0
P0238,Finance,9,69,14,5.5,1,0.6,4,77.24,0,8.03
P0239,Retail,4,211,11,4.2,5,0.83,1,276.38,0,2.5
P0240,Finance,5,454,16,5.18,1,0.76,1,630.44,0,2.74
P0241,Retail,15,164,15,4.89,1,0.31,1,193.97,0,1.57
P0242,Technology,10,85,13,2.62,2,0.46,2,100.64,0,5.02
P0243,Finance,20,153,11,9.65,0,0.1,2,203.38,0,5.0
P0244,Manufacturing,16,211,17,3.0,2,0.39,1,254.34,0,0.99
P0245,Healthcare,4,294,11,5.98,5,0.21,4,387.38,0,8.39
P0246,Technology,11,377,11,3.91,3,0.65,1,447.89,0,0.43
P0247,Finance,3,141,15,9.82,3,0.3,3,237.21,0,4.97
P0248,Technology,9,181,11,3.1,4,0.88,4,235.99,0,9.58
P0249,Manufacturing,10,143,4,4.21,0,0.66,2,177.01,0,4.08
P0250,Technology,6,403,9,3.72,1,0.87,2,552.85,0,4.75
P0251,Manufacturing,13,62,19,9.26,1,0.18,1,115.63,0,1.67
P0252,Finance,17,210,17,6.43,1,0.7,5,297.82,0,10.0
P0253,Retail,6,292,4,3.98,2,0.07,2,298.0,1,6.23
P0254,Manufacturing,9,333,5,3.13,1,0.12,2,340.49,1,6.37
P0255,Finance,13,150,10,9.74,6,0.46,2,245.22,0,4.11
P0256,Healthcare,18,359,10,4.32,2,0.25,1,423.15,0,2.96
P0257,Healthcare,4,156,21,9.41,1,0.59,5,225.73,0,10.0
P0258,Finance,16,353,7,2.57,3,0.93,4,470.36,0,8.74
P0259,Healthcare,8,394,14,2.39,4,0.69,1,467.86,0,0.88
P0260,Finance,20,326,8,3.47,1,0.97,4,446.81,0,7.78
P0261,Healthcare,12,286,8,2.16,0,0.91,3,346.99,0,7.07
P0262,Healthcare,13,281,11,1.84,1,0.82,2,340.28,0,3.58
P0263,Manufacturing,18,436,3,3.85,0,0.45,5,513.86,0,10.0
P0264,Finance,16,230,23,1.09,1,0.8,5,271.04,0,10.0
P0265,Healthcare,3,211,22,9.77,2,0.64,3,358.45,0,4.78
P0266,Healthcare,20,279,12,4.87,1,0.5,2,354.98,0,3.06
P0267,Technology,19,59,13,1.09,1,0.43,4,59.67,1,10.0
P0268,Finance,5,456,18,5.18,4,0.16,5,532.87,0,9.11
P0269,Finance,19,388,16,3.3,3,0.81,5,493.93,0,10.0
P0270,Finance,9,319,9,4.73,1,0.74,4,432.61,0,8.34
P0271,Technology,12,179,16,7.73,1,0.55,1,280.2,0,1.85
P0272,Finance,19,299,19,4.44,3,0.84,2,410.31,0,2.16
P0273,Technology,14,252,5,5.8,0,0.24,4,309.55,0,8.85
P0274,Technology,8,260,3,1.69,2,1.0,2,309.87,0,3.78
P0275,Healthcare,6,183,20,2.46,2,0.87,5,218.94,0,10.0
P0276,Manufacturing,10,434,8,3.46,2,0.57,1,529.41,0,2.34
P0277,Manufacturing,7,466,20,4.26,2,0.4,4,579.5,0,9.17
P0278,Retail,16,198,23,1.73,1,0.19,4,175.57,1,10.0
P0279,Finance,8,429,11,6.09,2,0.24,3,572.95,0,5.46
P0280,Finance,10,330,4,6.82,1,0.09,2,400.05,0,2.87
P0281,Retail,9,239,22,6.03,3,0.48,4,286.46,0,6.47
P0282,Retail,17,166,19,3.91,0,0.54,5,202.08,0,7.96
P0283,Finance,11,223,16,1.16,1,0.59,4,253.95,0,8.77
P0284,Manufacturing,11,157,5,4.84,1,0.88,1,232.67,0,1.03
P0285,Retail,19,209,21,4.91,1,0.43,1,249.83,0,2.19
P0286,Manufacturing,6,439,21,1.03,0,0.73,2,477.47,0,4.15
P0287,Retail,16,233,4,5.27,3,0.91,1,356.79,0,4.18
P0288,Technology,3,362,23,2.84,4,0.59,5,428.23,0,10.0
P0289,Retail,9,95,15,3.85,2,0.59,4,112.97,0,7.77
P0290,Finance,11,230,5,1.25,2,0.44,5,233.89,1,10.0
P0291,Technology,4,195,14,9.27,2,0.66,5,336.48,0,8.93
P0292,Manufacturing,7,286,15,7.36,2,0.29,4,392.19,0,8.74
P0293,Manufacturing,6,302,3,2.84,2,0.96,3,376.33,0,6.51
P0294,Technology,14,303,11,3.89,2,0.96,2,394.43,0,4.4
P0295,Manufacturing,18,355,16,4.06,0,0.78,3,472.47,0,6.88
P0296,Technology,14,96,11,4.53,2,0.77,3,124.05,0,7.07
P0297,Manufacturing,13,361,11,9.4,1,0.0,1,481.06,0,3.24
P0298,Finance,18,259,15,3.61,0,0.64,4,348.9,0,7.45
P0299,Manufacturing,20,203,11,4.22,0,0.01,3,234.72,0,7.32
P0300,Technology,6,481,16,9.54,1,0.97,3,826.45,0,7.13
P0301,Retail,18,478,7,9.84,1,0.66,1,830.41,0,2.48
P0302,Finance,6,399,13,6.47,2,0.63,5,578.51,0,8.34
P0303,Manufacturing,3,375,9,9.78,2,0.74,5,645.02,0,10.0
P0304,Healthcare,8,268,4,8.23,1,0.03,3,354.39,0,5.27
P0305,Technology,6,293,23,4.2,3,0.95,1,436.92,0,2.41
P0306,Finance,10,249,20,6.09,3,0.32,5,345.22,0,8.79
P0307,Healthcare,3,435,21,5.22,0,0.41,3,546.7,0,6.73
P0308,Retail,11,167,22,2.69,0,0.3,4,193.03,0,9.11
P0309,Healthcare,13,421,16,4.35,1,0.93,1,590.87,0,2.59
P0310,Manufacturing,4,248,17,3.33,1,0.82,4,317.15,0,7.96
P0311,Healthcare,13,242,9,8.66,4,0.38,1,376.01,0,2.55
P0312,Technology,20,331,12,9.79,3,0.62,1,549.88,0,3.0
P0313,Healthcare,9,271,8,2.92,5,0.15,1,315.28,0,2.36
P0314,Retail,16,467,16,3.7,1,0.76,5,605.86,0,8.24
P0315,Retail,10,447,23,1.22,2,0.23,5,440.47,1,10.0
P0316,Technology,19,149,15,8.23,1,0.19,2,196.52,0,2.81
P0317,Manufacturing,9,86,4,2.03,3,0.18,2,93.17,1,6.58
P0318,Technology,4,327,20,9.06,3,0.62,4,542.52,0,9.57
P0319,Technology,12,250,11,7.28,2,0.1,5,359.49,0,10.0
P0320,Technology,3,411,9,3.16,2,0.96,4,575.08,0,8.81
P0321,Healthcare,6,383,5,2.24,4,0.83,1,480.24,0,1.51
P0322,Finance,15,244,3,2.81,1,0.96,2,304.94,0,4.61
P0323,Healthcare,6,284,19,8.47,1,0.06,2,403.8,0,3.02
P0324,Finance,16,146,13,2.92,2,0.69,1,174.71,0,1.25
P0325,Finance,3,317,13,8.24,0,0.04,2,454.38,0,4.29
P0326,Healthcare,6,282,5,3.59,0,0.58,5,331.17,0,10.0
P0327,Healthcare,14,436,15,2.76,1,0.78,4,522.45,0,7.81
P0328,Finance,9,428,15,6.77,2,0.39,1,592.93,0,1.16
P0329,Manufacturing,3,182,11,9.36,2,0.95,5,337.0,0,7.86
P0330,Technology,19,268,14,5.28,1,0.99,4,412.96,0,7.44
P0331,Technology,17,403,14,8.22,1,0.09,2,549.22,0,1.74
P0332,Healthcare,9,445,19,1.5,1,0.09,1,402.09,1,3.26
P0333,Healthcare,13,474,13,2.3,1,0.99,2,634.36,0,3.29
P0334,Technology,18,445,19,1.22,6,0.57,1,490.91,0,2.22
P0335,Manufacturing,3,156,14,9.14,1,1.0,3,278.26,0,5.98
P0336,Healthcare,10,276,3,8.65,3,0.53,4,417.64,0,8.53
P0337,Finance,10,369,6,5.98,2,0.9,2,538.85,0,4.27
P0338,Finance,15,332,17,4.55,1,0.86,3,466.28,0,5.81
P0339,Finance,14,171,21,8.52,1,0.23,1,249.73,0,1.15
P0340,Healthcare,15,375,15,8.5,2,0.17,1,542.75,0,3.07
P0341,Retail,6,69,5,6.65,3,0.54,3,80.57,0,6.94
P0342,Manufacturing,11,219,3,6.03,0,0.99,5,322.19,0,9.81
P0343,Retail,13,77,20,6.72,3,0.56,5,126.98,0,9.48
P0344,Finance,10,364,9,5.33,1,0.59,2,482.4,0,3.99
P0345,Healthcare,7,210,6,9.17,2,0.08,2,322.89,0,4.57
P0346,Technology,20,59,7,2.99,4,0.67,3,75.68,0,7.43
P0347,Retail,7,180,16,1.17,2,0.55,4,185.01,0,6.93
P0348,Manufacturing,20,462,15,5.08,0,0.88,3,653.11,0,5.22
P0349,Finance,19,409,16,3.52,1,0.12,1,424.14,1,2.87
P0350,Manufacturing,14,329,5,1.82,2,0.12,1,331.09,1,2.56
P0351,Manufacturing,6,491,4,6.66,2,0.92,3,749.67,0,6.33
P0352,Retail,10,204,12,9.18,1,0.46,5,315.84,0,9.41
P0353,Technology,6,190,3,4.38,2,0.04,2,213.02,1,5.23
P0354,Manufacturing,18,495,13,6.82,4,0.6,1,720.55,0,2.71
P0355,Retail,19,491,23,7.94,1,0.04,3,715.97,0,8.32
P0356,Healthcare,18,152,9,8.99,1,0.86,4,262.94,0,7.6
P0357,Technology,12,355,7,1.56,1,0.19,4,364.44,1,10.0
P0358,Retail,18,244,15,3.63,1,0.35,5,277.41,1,10.0
P0359,Finance,14,239,5,9.88,1,0.95,2,440.4,0,4.37
P0360,Healthcare,10,242,15,5.58,4,0.98,2,379.21,0,3.08
P0361,Technology,20,298,22,1.71,2,0.06,5,297.27,1,10.0
P0362,Manufacturing,14,341,5,7.19,1,0.01,1,445.74,0,1.61
P0363,Finance,8,116,22,4.11,1,0.71,1,179.46,0,2.69
P0364,Healthcare,4,370,6,5.27,5,0.61,5,508.56,0,9.55
P0365,Manufacturing,19,277,16,1.85,2,0.45,1,284.55,1,4.33
P0366,Healthcare,11,161,4,6.4,1,0.32,3,211.52,0,4.26
P0367,Finance,16,373,8,9.31,2,0.61,1,604.03,0,1.95
P0368,Retail,6,274,9,7.63,3,0.72,1,427.58,0,2.11
P0369,Healthcare,11,418,9,3.72,3,0.63,1,503.85,0,2.27
P0370,Retail,12,113,11,8.89,0,0.86,4,199.62,0,5.46
P0371,Retail,12,281,18,7.18,1,0.59,3,400.85,0,4.96
P0372,Healthcare,4,286,23,7.92,2,0.53,3,437.88,0,5.6
P0373,Retail,10,243,16,1.2,3,0.96,1,285.92,0,3.75
P0374,Technology,19,434,12,4.69,1,0.26,2,498.26,1,5.72
P0375,Healthcare,19,288,16,4.04,2,0.86,4,403.19,0,6.24
P0376,Manufacturing,16,464,15,2.93,1,0.6,2,548.09,0,4.42
P0377,Technology,8,404,6,5.65,1,0.92,5,556.35,0,9.87
P0378,Finance,4,322,5,6.73,2,0.69,1,464.16,0,3.18
P0379,Manufacturing,19,359,23,6.33,2,0.1,1,446.32,0,1.11
P0380,Technology,8,277,6,4.95,1,0.76,5,376.78,0,10.0
P0381,Technology,11,469,15,3.67,5,0.64,5,590.9,0,10.0
P0382,Retail,20,53,16,3.03,0,0.98,3,71.85,0,5.27
P0383,Healthcare,6,190,11,3.93,2,0.34,5,218.06,1,10.0
P0384,Technology,18,480,4,8.61,0,0.66,1,777.67,0,2.41
P0385,Healthcare,8,175,9,7.92,3,0.91,4,274.68,0,8.16
P0386,Finance,3,317,7,3.0,5,0.22,3,329.17,1,7.6
P0387,Manufacturing,6,173,19,5.02,2,0.9,2,280.1,0,3.89
P0388,Retail,12,323,17,6.86,0,0.42,1,473.77,0,1.43
P0389,Healthcare,3,447,20,5.52,6,0.04,1,546.83,0,1.67
P0390,Healthcare,19,134,11,5.63,2,0.64,1,185.76,0,2.99
P0391,Healthcare,12,307,11,1.38,2,0.47,1,329.3,1,6.27
P0392,Technology,7,499,8,9.47,0,0.9,1,858.81,0,1.25
P0393,Finance,6,235,23,2.2,3,0.99,3,254.65,0,5.95
P0394,Healthcare,7,226,4,5.53,1,0.01,4,299.14,0,8.98
P0395,Healthcare,4,490,6,6.5,1,0.64,3,701.15,0,5.65
P0396,Healthcare,9,55,11,7.07,0,0.72,5,81.23,0,10.0
P0397,Finance,5,421,10,8.99,0,0.95,4,743.7,0,8.95
P0398,Retail,11,191,9,8.22,1,0.95,3,343.75,0,4.87
P0399,Manufacturing,17,292,23,1.24,1,0.36,4,293.77,1,10.0
P0400,Technology,12,406,12,8.95,3,0.81,4,690.34,0,8.78
P0401,Retail,20,69,23,2.83,2,0.26,2,55.44,1,8.02
P0402,Retail,13,236,16,9.54,1,0.92,5,386.41,0,10.0
P0403,Healthcare,11,210,16,4.61,4,0.44,3,285.78,0,7.26
P0404,Manufacturing,18,137,16,2.45,2,0.64,4,177.34,0,9.6
P0405,Finance,18,272,5,3.74,1,0.46,1,324.52,0,1.75
P0406,Manufacturing,17,344,11,2.69,3,0.94,2,457.88,0,5.13
P0407,Retail,19,167,15,7.16,3,0.84,1,250.1,0,3.08
P0408,Healthcare,12,117,19,4.0,3,0.84,5,173.69,0,8.98
P0409,Finance,10,209,4,7.81,2,0.74,4,338.99,0,7.87
P0410,Healthcare,18,420,16,3.24,3,0.34,5,482.59,1,10.0
P0411,Manufacturing,20,124,9,5.33,2,0.33,1,163.21,0,1.4
P0412,Healthcare,18,318,3,3.97,1,0.92,4,419.37,0,7.94
P0413,Manufacturing,18,413,23,7.71,1,0.53,4,619.78,0,8.58
P0414,Finance,7,193,22,3.2,3,0.1,5,224.85,0,9.61
P0415,Manufacturing,5,254,5,9.68,1,0.34,4,378.88,0,5.4
P0416,Technology,8,305,8,2.22,2,0.94,2,387.74,0,4.8
P0417,Technology,15,364,16,5.76,2,0.53,3,516.92,0,4.89
P0418,Healthcare,8,333,3,9.18,1,0.15,5,481.58,0,10.0
P0419,Manufacturing,17,333,3,2.82,1,0.72,5,418.13,0,9.62
P0420,Finance,14,202,15,4.12,0,0.24,5,246.47,0,8.28
P0421,Retail,7,173,15,5.32,1,0.73,4,248.69,0,7.69
P0422,Manufacturing,7,99,21,1.34,3,0.18,3,103.78,1,7.66
P0423,Healthcare,11,277,6,9.15,2,0.94,3,480.55,0,4.08
P0424,Finance,6,209,3,7.42,1,0.6,3,282.26,0,5.87
P0425,Technology,14,104,3,8.25,0,0.39,1,155.81,0,2.54
P0426,Manufacturing,5,446,4,6.35,2,0.49,1,631.39,0,3.1
P0427,Healthcare,16,374,18,9.15,0,0.08,1,543.36,0,2.86
P0428,Healthcare,6,80,20,9.39,3,0.59,5,139.6,0,8.2
P0429,Finance,6,377,6,2.34,1,0.23,2,389.69,1,5.27
P0430,Retail,6,414,3,5.1,2,0.61,1,571.04,0,0.75
P0431,Finance,19,248,13,8.27,2,0.79,3,389.28,0,7.19
P0432,Healthcare,19,403,23,4.34,3,0.53,1,536.11,0,2.86
P0433,Manufacturing,16,97,11,1.51,4,0.21,5,100.89,1,10.0
P0434,Finance,18,467,21,3.17,4,0.47,4,550.88,0,9.37
P0435,Retail,15,421,22,8.46,2,0.42,1,622.97,0,3.33
P0436,Retail,7,106,12,2.27,2,0.68,1,122.38,0,1.19
P0437,Retail,15,59,12,6.75,1,0.48,2,88.67,0,5.07
P0438,Retail,14,351,7,3.15,2,0.01,4,356.58,1,9.13
P0439,Technology,13,493,23,8.54,0,0.14,3,683.84,0,7.77
P0440,Manufacturing,8,317,21,9.31,4,0.57,4,502.86,0,7.6
P0441,Finance,20,407,18,8.91,0,0.99,1,704.64,0,0.35
P0442,Finance,3,245,5,4.13,1,0.02,5,249.51,1,10.0
P0443,Finance,7,146,7,1.27,1,0.01,1,133.93,1,3.36
P0444,Technology,11,155,18,9.66,2,0.47,5,249.27,0,10.0
P0445,Healthcare,12,384,11,9.95,3,0.04,5,574.18,0,9.16
P0446,Retail,9,437,4,8.29,2,0.23,5,636.18,0,9.24
P0447,Retail,20,120,18,8.62,2,0.32,1,186.03,0,0.0
P0448,Manufacturing,8,61,16,1.64,1,0.62,3,70.55,0,6.89
P0449,Finance,10,451,23,3.45,1,0.98,5,605.08,0,10.0
P0450,Healthcare,12,212,9,7.95,1,0.49,1,347.23,0,2.81
P0451,Finance,20,379,4,2.3,3,0.7,3,463.29,0,5.92
P0452,Finance,6,227,8,6.9,1,0.76,3,330.33,0,4.91
P0453,Healthcare,14,424,10,3.58,1,0.85,5,575.61,0,9.77
P0454,Healthcare,7,498,16,2.54,5,0.79,2,627.91,0,5.03
P0455,Healthcare,6,412,11,7.42,1,0.13,2,542.68,0,5.32
P0456,Healthcare,14,195,14,1.04,4,0.51,1,210.23,0,3.01
P0457,Healthcare,9,130,22,1.51,2,0.16,4,125.78,1,10.0
P0458,Retail,3,468,7,4.7,3,0.78,1,630.21,0,1.77
P0459,Technology,12,198,15,5.23,0,0.02,3,237.19,0,6.0
P0460,Retail,20,323,22,3.25,0,0.28,2,343.28,1,6.41
P0461,Manufacturing,20,225,9,4.19,0,0.98,5,281.61,0,7.55
P0462,Healthcare,3,65,5,7.64,0,0.93,3,85.69,0,5.92
P0463,Manufacturing,6,365,22,3.6,4,0.15,5,397.41,1,10.0
P0464,Finance,16,308,23,8.89,4,0.72,2,516.08,0,4.14
P0465,Technology,13,341,5,1.52,2,0.33,1,352.18,1,3.54
P0466,Finance,7,276,20,4.92,0,0.17,3,312.21,1,9.98
P0467,Retail,13,254,17,4.76,3,0.75,1,356.82,0,3.68
P0468,Manufacturing,3,149,21,5.23,4,0.18,2,201.65,0,3.26
P0469,Manufacturing,10,310,20,1.7,1,0.22,1,290.16,1,1.66
P0470,Manufacturing,13,471,8,9.68,1,0.28,3,745.53,0,7.5
P0471,Healthcare,3,160,7,3.22,4,0.97,1,219.39,0,1.74
P0472,Retail,14,364,18,5.14,0,0.74,3,512.09,0,7.51
P0473,Healthcare,11,257,11,6.51,0,0.29,3,326.53,0,6.63
P0474,Healthcare,19,207,15,3.02,2,0.89,1,270.95,0,1.74
P0475,Retail,11,351,18,9.6,0,0.78,1,607.4,0,3.16
P0476,Manufacturing,13,327,14,8.1,2,0.12,5,475.38,0,9.34
P0477,Manufacturing,8,174,16,2.26,3,0.79,2,210.2,0,5.29
P0478,Technology,17,420,14,1.12,3,0.07,3,368.02,1,7.96
P0479,Retail,3,110,6,3.34,0,0.7,1,119.04,0,1.67
P0480,Manufacturing,19,491,6,6.98,4,0.61,1,728.04,0,2.81
P0481,Retail,10,53,14,8.11,3,0.96,1,87.25,0,2.28
P0482,Healthcare,8,219,9,8.37,1,0.15,3,305.2,0,4.69
P0483,Technology,15,362,4,6.24,4,0.01,4,432.57,0,8.89
P0484,Healthcare,15,204,17,2.84,3,0.01,4,212.06,1,10.0
P0485,Technology,16,454,15,9.97,1,0.92,1,800.84,0,2.62
P0486,Technology,5,251,5,6.15,2,0.28,2,329.76,0,4.36
P0487,Retail,13,437,17,2.52,0,0.41,1,480.73,1,3.76
P0488,Retail,18,117,3,1.71,0,0.32,4,128.78,1,9.72
P0489,Retail,16,144,4,5.14,2,0.28,4,173.38,0,6.39
P0490,Healthcare,12,268,19,3.66,4,0.54,5,316.79,0,9.89
P0491,Manufacturing,11,91,12,8.9,2,0.11,2,153.86,0,4.98
P0492,Retail,12,414,15,1.41,3,0.9,4,503.91,0,6.46
P0493,Technology,5,116,3,1.43,3,0.79,5,141.94,0,10.0
P0494,Retail,3,162,16,6.55,1,0.86,3,248.06,0,6.03
P0495,Technology,17,248,13,3.79,1,0.74,1,330.18,0,4.0
P0496,Finance,19,168,4,1.32,2,0.37,4,197.06,0,7.73
P0497,Finance,14,95,20,9.24,4,0.44,1,131.62,0,0.7
P0498,Manufacturing,6,125,3,3.33,3,0.8,2,138.8,0,3.35
P0499,Finance,15,114,23,9.27,2,0.11,4,150.5,0,9.29
P0500,Healthcare,8,325,5,3.71,1,0.58,3,399.87,0,6.33
P0501,Manufacturing,16,179,17,2.5,1,0.06,1,165.9,1,3.63
P0502,Manufacturing,19,403,23,2.15,1,0.04,1,396.44,1,2.16
P0503,Technology,6,78,14,8.81,0,0.98,3,130.15,0,4.61
P0504,Healthcare,13,129,23,5.52,1,0.29,5,180.43,0,9.39
P0505,Manufacturing,12,262,19,9.82,2,0.13,3,377.08,0,4.18
P0506,Manufacturing,18,244,14,8.53,5,0.86,4,414.48,0,8.42
P0507,Technology,15,269,22,8.01,3,0.54,4,418.22,0,7.78
P0508,Healthcare,14,351,8,4.46,0,0.23,3,436.05,0,6.75
P0509,Retail,16,285,5,1.28,2,0.63,5,312.82,0,10.0
P0510,Manufacturing,3,437,8,3.34,2,0.03,5,446.3,1,10.0
P0511,Manufacturing,6,242,20,7.8,2,0.43,3,377.19,0,7.23
P0512,Technology,7,198,13,8.55,3,0.11,5,300.95,0,10.0
P0513,Retail,16,346,13,3.2,2,0.56,3,415.56,0,6.14
P0514,Healthcare,12,70,17,1.53,0,0.82,5,70.04,0,9.18
P0515,Technology,7,484,22,2.01,1,0.0,5,472.43,1,10.0
P0516,Manufacturing,7,442,16,7.78,2,0.54,2,662.47,0,5.14
P0517,Finance,10,472,7,1.07,1,0.65,5,528.35,0,9.67
P0518,Retail,19,149,12,7.14,1,0.88,3,242.45,0,7.2
P0519,Finance,20,322,21,4.23,1,0.94,3,460.46,0,6.08
P0520,Manufacturing,5,143,5,9.21,2,0.42,1,218.97,0,3.03
P0521,Retail,15,153,8,4.53,1,0.27,3,206.29,0,5.15
P0522,Retail,19,445,5,5.69,1,0.79,4,655.26,0,8.91
P0523,Finance,10,233,23,6.28,1,0.0,4,297.58,0,10.0
P0524,Manufacturing,7,200,12,6.99,2,0.74,1,304.59,0,2.52
P0525,Technology,15,439,3,1.36,2,0.56,1,462.12,0,1.57
P0526,Technology,8,275,12,1.88,5,0.62,4,312.33,0,7.99
P0527,Retail,16,297,16,3.48,0,0.69,4,410.43,0,7.91
P0528,Technology,18,226,16,3.06,0,0.14,3,241.99,1,9.13
P0529,Finance,18,144,3,6.64,3,0.97,5,236.41,0,10.0
P0530,Healthcare,17,247,12,3.85,1,0.99,1,332.65,0,1.93
P0531,Technology,16,256,21,3.37,3,0.24,4,287.49,1,7.96
P0532,Finance,10,460,21,3.33,2,0.01,2,461.39,1,6.56
P0533,Healthcare,17,62,6,4.69,2,0.36,1,86.79,0,2.94
P0534,Retail,14,304,22,6.29,2,0.9,1,467.6,0,1.67
P0535,Manufacturing,6,373,13,5.76,2,0.12,4,470.2,0,7.94
P0536,Retail,18,227,21,9.12,3,0.43,2,364.97,0,5.63
P0537,Technology,6,378,4,1.29,3,0.37,2,371.23,1,6.16
P0538,Manufacturing,10,62,23,7.98,5,0.95,4,114.41,0,7.7
P0539,Manufacturing,4,58,18,3.54,3,0.56,2,68.3,0,2.2
P0540,Healthcare,9,237,21,4.96,5,0.46,1,288.43,0,1.53
P0541,Manufacturing,19,218,17,2.1,3,0.6,1,248.72,0,2.53
P0542,Technology,12,99,20,6.21,3,0.24,5,123.25,0,10.0
P0543,Finance,8,284,12,6.59,2,0.38,3,384.38,0,5.27
P0544,Healthcare,3,363,23,2.04,2,0.29,5,369.01,1,10.0
P0545,Healthcare,20,323,5,3.73,2,0.7,1,415.8,0,4.7
P0546,Technology,5,289,9,3.53,0,0.89,4,396.1,0,7.27
P0547,Healthcare,3,79,3,4.4,1,0.93,4,125.59,0,8.35
P0548,Finance,13,398,8,8.88,3,0.15,2,546.97,0,5.49
P0549,Retail,14,216,7,2.84,0,0.19,5,209.64,1,10.0
P0550,Retail,12,91,9,8.7,1,0.89,1,168.76,0,1.57
P0551,Technology,18,362,9,4.41,1,0.4,2,441.6,0,4.09
P0552,Manufacturing,11,339,15,6.82,1,0.82,2,538.72,0,4.18
P0553,Healthcare,12,215,4,7.87,4,0.17,1,304.41,0,1.72
P0554,Healthcare,19,434,14,5.92,1,0.21,1,530.23,0,2.25
P0555,Manufacturing,17,276,21,4.95,1,0.39,3,336.45,0,6.2
P0556,Technology,4,457,3,8.51,2,0.23,4,648.25,0,7.03
P0557,Technology,4,429,8,1.23,3,0.68,5,473.93,0,10.0
P0558,Retail,13,416,8,2.53,0,0.9,4,526.22,0,6.87
P0559,Retail,14,214,5,4.72,1,0.16,2,240.34,1,6.8
P0560,Retail,11,351,21,7.72,3,0.67,5,503.7,0,10.0
P0561,Healthcare,12,448,18,6.66,2,0.32,2,615.1,0,4.59
P0562,Retail,20,473,20,4.84,4,0.75,5,651.93,0,10.0
P0563,Retail,5,471,23,5.64,3,0.16,5,572.4,0,10.0
P0564,Technology,18,192,9,9.31,5,0.81,4,356.05,0,8.54
P0565,Finance,15,76,7,3.99,4,0.64,3,104.43,0,7.03
P0566,Healthcare,14,236,11,6.47,2,0.52,2,336.1,0,3.47
P0567,Technology,11,304,11,9.97,2,0.57,2,502.53,0,4.54
P0568,Healthcare,3,352,22,8.99,1,0.19,2,511.69,0,1.89
P0569,Finance,10,280,6,7.48,2,0.66,1,427.2,0,1.03
P0570,Retail,17,292,10,1.38,2,0.18,1,245.58,1,4.13
P0571,Finance,17,448,6,9.39,2,0.47,3,721.11,0,5.92
P0572,Finance,20,414,23,9.84,2,0.16,4,607.45,0,6.6
P0573,Manufacturing,5,334,22,1.4,1,0.76,1,413.01,0,2.07
P0574,Technology,17,253,15,8.01,1,0.01,3,327.62,0,6.85
P0575,Retail,12,352,16,5.46,0,0.64,5,495.5,0,10.0
P0576,Healthcare,12,194,20,5.59,3,0.17,1,239.39,0,1.64
P0577,Technology,11,256,9,1.33,1,0.2,4,246.59,1,10.0
P0578,Retail,12,241,15,4.17,2,0.67,1,305.93,0,0.62
P0579,Finance,15,340,21,9.61,1,0.93,4,590.76,0,7.55
P0580,Retail,16,62,12,7.1,1,0.44,4,100.13,0,7.3
P0581,Healthcare,16,309,22,8.01,0,0.69,5,471.03,0,9.45
P0582,Retail,18,252,21,5.48,0,0.86,5,346.61,0,10.0
P0583,Healthcare,4,173,19,5.66,2,0.7,5,274.74,0,10.0
P0584,Technology,20,177,11,9.94,1,0.57,2,281.32,0,5.0
P0585,Technology,6,308,14,3.59,4,0.31,3,334.04,1,9.39
P0586,Technology,8,378,11,4.47,2,0.49,1,466.45,0,1.89
P0587,Healthcare,7,321,17,1.92,0,0.13,3,292.6,1,6.98
P0588,Healthcare,12,321,21,6.65,5,0.03,3,390.56,0,5.01
P0589,Retail,4,334,18,3.93,1,0.15,1,361.9,1,4.33
P0590,Retail,11,323,14,6.78,3,0.2,1,403.89,0,2.52
P0591,Manufacturing,12,415,12,6.94,4,0.29,3,556.97,0,5.6
P0592,Finance,18,50,10,4.25,1,0.18,3,49.82,1,9.03
P0593,Manufacturing,20,324,21,9.75,3,0.74,1,568.83,0,1.87
P0594,Healthcare,15,451,12,5.42,2,0.07,1,528.19,0,3.13
P0595,Retail,12,102,7,5.74,3,0.13,1,112.22,1,3.99
P0596,Technology,4,440,23,2.86,0,1.0,2,557.38,0,3.8
P0597,Finance,4,410,3,9.07,1,0.14,5,574.63,0,10.0
P0598,Technology,13,205,8,7.41,4,0.27,3,282.73,0,6.79
P0599,Retail,17,299,10,8.5,2,0.09,3,448.58,0,6.12
P0600,Retail,20,123,15,1.18,0,0.43,5,136.34,1,10.0
P0601,Manufacturing,6,132,15,5.14,1,0.98,2,197.73,0,5.14
P0602,Finance,14,61,11,7.28,3,0.07,1,71.29,0,1.35
P0603,Healthcare,19,266,10,2.46,1,0.37,4,292.59,1,10.0
P0604,Manufacturing,9,263,12,2.52,2,0.9,1,340.51,0,2.35
P0605,Healthcare,19,381,9,5.7,5,0.55,2,522.61,0,3.38
P0606,Finance,12,138,3,7.94,3,0.58,5,193.56,0,10.0
P0607,Technology,16,259,17,8.35,0,0.3,4,392.03,0,7.92
P0608,Retail,15,249,21,1.61,2,0.54,1,265.78,0,1.98
P0609,Finance,15,190,14,1.8,1,0.73,4,190.03,0,8.44
P0610,Technology,9,467,3,3.51,0,0.86,3,585.88,0,4.32
P0611,Healthcare,10,189,21,8.28,0,0.84,5,285.72,0,10.0
P0612,Technology,11,220,10,6.09,3,0.63,2,313.71,0,3.14
P0613,Retail,18,484,5,6.93,1,0.15,4,632.55,0,6.77
P0614,Manufacturing,13,249,18,7.37,4,0.09,5,290.36,0,10.0
P0615,Healthcare,17,179,18,2.17,2,0.0,4,180.19,1,8.63
P0616,Technology,5,499,3,8.33,2,0.67,3,796.73,0,7.11
P0617,Retail,19,99,6,8.88,4,0.57,3,170.29,0,6.44
P0618,Technology,3,479,10,2.92,2,0.05,4,481.73,1,10.0
P0619,Manufacturing,12,269,23,6.63,3,0.15,4,333.85,0,8.27
P0620,Retail,4,173,11,1.55,1,0.75,3,181.47,0,6.37
P0621,Healthcare,12,230,14,8.58,2,0.46,5,350.51,0,10.0
P0622,Healthcare,9,335,9,9.88,2,0.97,3,571.64,0,5.9
P0623,Technology,15,226,21,5.16,1,0.31,3,274.37,0,5.11
P0624,Technology,12,472,13,5.02,3,0.33,5,595.93,0,10.0
P0625,Retail,11,58,6,5.97,1,0.74,4,84.22,0,7.76
P0626,Manufacturing,7,482,15,8.04,1,0.97,3,805.99,0,5.98
P0627,Healthcare,16,398,9,5.67,3,0.56,3,524.41,0,6.18
P0628,Retail,6,331,7,8.45,4,0.96,2,533.9,0,5.58
P0629,Technology,8,315,20,2.32,0,0.04,2,294.1,1,7.72
P0630,Healthcare,14,387,8,6.14,1,0.02,2,459.56,0,3.64
P0631,Healthcare,4,103,22,8.82,1,0.89,4,169.15,0,8.98
P0632,Finance,9,161,9,5.95,2,0.52,4,222.35,0,6.59
P0633,Retail,11,203,20,1.61,1,0.95,5,242.96,0,9.42
P0634,Manufacturing,16,439,21,1.98,3,0.43,5,457.41,1,10.0
P0635,Retail,6,67,18,3.25,3,0.19,4,76.59,1,10.0
P0636,Finance,20,135,3,1.5,2,0.57,1,141.91,0,2.52
P0637,Finance,20,104,22,6.0,1,0.41,1,137.35,0,1.89
P0638,Healthcare,20,113,21,9.52,3,0.01,5,141.54,0,10.0
P0639,Retail,17,266,11,4.69,4,0.59,4,357.47,0,7.07
P0640,Manufacturing,17,319,20,4.75,6,0.68,4,437.67,0,8.21
P0641,Manufacturing,13,222,13,3.06,0,0.92,3,271.72,0,4.59
P0642,Retail,4,336,11,1.88,1,0.07,2,318.05,1,5.18
P0643,Finance,14,392,5,9.32,1,0.97,1,694.18,0,2.27
P0644,Manufacturing,15,161,23,6.0,2,0.61,5,214.63,0,10.0
P0645,Finance,11,334,11,2.55,2,0.36,2,355.44,1,3.56
P0646,Healthcare,11,481,4,9.41,3,0.98,4,845.64,0,7.2
P0647,Manufacturing,6,139,11,3.01,2,0.61,1,165.95,0,2.9
P0648,Healthcare,18,324,21,4.78,3,0.7,3,415.62,0,5.59
P0649,Healthcare,7,273,4,9.42,3,0.84,2,458.42,0,1.59
P0650,Retail,8,369,13,1.01,2,0.49,3,380.4,1,7.31
P0651,Finance,12,170,7,4.31,5,0.46,2,206.18,0,3.95
P0652,Manufacturing,10,67,11,1.07,3,0.92,4,55.2,0,7.01
P0653,Manufacturing,16,62,16,9.16,0,0.77,4,136.84,0,7.81
P0654,Technology,12,113,8,7.16,3,0.35,3,161.25,0,4.95
P0655,Technology,6,474,13,9.66,2,0.58,4,746.28,0,8.52
P0656,Technology,16,235,17,5.8,1,0.3,1,299.66,0,2.27
P0657,Finance,11,86,6,1.64,5,0.46,3,83.27,1,7.88
P0658,Retail,5,401,14,1.01,3,0.2,4,316.0,1,10.0
P0659,Technology,11,55,8,1.01,0,0.48,4,62.48,1,9.8
P0660,Manufacturing,15,77,16,1.71,1,0.05,2,57.12,1,5.54
P0661,Finance,5,355,21,7.78,1,0.12,2,483.8,0,4.07
P0662,Finance,8,246,22,4.78,1,0.81,5,360.52,0,10.0
P0663,Technology,15,126,9,7.34,2,0.69,2,208.18,0,5.01
P0664,Retail,13,327,16,3.2,0,0.31,3,391.64,0,6.36
P0665,Technology,9,285,17,7.23,2,0.79,2,460.02,0,2.17
P0666,Technology,10,441,23,6.48,1,0.13,3,561.14,0,6.16
P0667,Finance,9,419,20,2.8,3,0.41,2,454.04,1,6.02
P0668,Manufacturing,20,368,5,3.84,2,0.19,5,409.46,1,10.0
P0669,Retail,7,283,3,6.7,4,0.73,4,417.54,0,10.0
P0670,Manufacturing,12,465,10,8.58,2,0.36,3,693.4,0,6.04
P0671,Retail,12,312,8,6.13,1,0.43,5,421.96,0,9.77
P0672,Finance,7,228,13,6.05,3,0.38,1,306.6,0,2.74
P0673,Technology,8,359,4,7.7,2,0.0,3,447.91,0,5.83
P0674,Retail,9,81,19,7.6,1,0.41,1,113.49,0,1.86
P0675,Healthcare,11,176,22,1.27,2,0.89,3,233.88,0,7.09
P0676,Retail,12,302,15,6.29,1,0.92,2,464.18,0,2.82
P0677,Healthcare,5,90,4,7.86,2,0.71,3,143.68,0,5.37
P0678,Retail,9,129,22,8.11,7,0.63,4,177.21,0,7.94
P0679,Manufacturing,19,93,4,9.31,4,0.68,5,141.68,0,9.96
P0680,Retail,20,344,16,6.64,5,0.73,1,510.02,0,0.0
P0681,Manufacturing,5,473,14,4.69,0,0.75,4,652.66,0,7.13
P0682,Finance,20,127,5,2.53,1,0.81,3,184.6,0,5.55
P0683,Healthcare,10,393,8,2.41,1,0.99,5,501.74,0,8.69
P0684,Manufacturing,9,357,16,5.11,3,0.7,2,529.52,0,3.18
P0685,Healthcare,16,175,12,2.21,2,0.6,2,189.53,0,3.77
P0686,Healthcare,8,401,18,4.75,4,0.27,4,475.99,0,7.17
P0687,Healthcare,11,258,15,3.31,2,0.88,1,305.48,0,1.2
P0688,Healthcare,10,345,6,1.11,1,0.15,4,332.31,1,10.0
P0689,Healthcare,9,436,22,3.53,2,0.96,1,585.23,0,3.36
P0690,Retail,13,50,20,1.61,3,0.53,5,51.99,0,9.98
P0691,Technology,19,429,11,1.02,0,0.23,2,405.62,1,9.24
P0692,Technology,4,311,16,9.54,0,0.07,1,471.19,0,2.85
P0693,Finance,16,444,21,4.03,2,0.12,1,498.4,1,4.21
P0694,Retail,3,495,20,2.71,2,0.99,4,616.32,0,7.8
P0695,Technology,11,320,8,5.01,2,0.72,3,433.92,0,5.53
P0696,Technology,9,206,17,2.29,1,0.98,5,246.04,0,10.0
P0697,Technology,8,294,17,3.65,2,0.87,5,393.48,0,9.87
P0698,Finance,18,173,22,6.29,4,0.92,3,252.19,0,6.46
P0699,Technology,19,486,9,2.45,5,0.58,2,559.78,0,2.62
P0700,Manufacturing,10,284,3,5.33,0,0.41,1,367.28,0,3.02
P0701,Technology,8,357,5,8.63,5,0.37,3,525.78,0,7.53
P0702,Healthcare,9,63,20,8.46,1,0.45,4,79.61,0,7.79
P0703,Technology,14,266,11,9.56,3,0.09,3,351.31,0,7.78
P0704,Retail,17,114,14,6.61,0,0.06,3,147.42,0,5.01
P0705,Retail,7,264,14,5.95,4,0.11,1,331.18,0,2.45
P0706,Healthcare,18,128,21,8.58,2,0.74,4,226.84,0,6.78
P0707,Manufacturing,17,120,17,8.24,1,0.4,3,165.09,0,6.18
P0708,Technology,12,353,14,5.42,0,0.58,4,466.51,0,8.29
P0709,Retail,9,429,19,5.67,2,0.06,1,516.44,0,3.52
P0710,Manufacturing,7,82,10,1.58,4,0.95,3,85.47,0,6.62
P0711,Finance,17,206,15,3.77,3,0.64,5,255.75,0,8.88
P0712,Technology,13,390,7,5.47,0,0.55,3,528.06,0,7.4
P0713,Manufacturing,18,460,12,1.23,0,0.05,3,412.02,1,8.03
P0714,Retail,10,201,14,3.8,1,0.89,1,260.44,0,4.6
P0715,Retail,18,315,6,7.64,1,0.32,3,463.16,0,5.1
P0716,Healthcare,14,208,23,7.58,0,0.54,1,315.26,0,2.27
P0717,Healthcare,20,439,22,3.79,1,0.27,4,489.12,1,10.0
P0718,Healthcare,10,220,10,9.21,4,0.71,3,354.42,0,5.33
P0719,Technology,10,220,6,4.43,2,0.16,1,259.59,0,2.53
P0720,Technology,6,114,12,9.12,0,0.28,1,156.29,0,1.46
P0721,Finance,6,83,3,9.45,2,1.0,5,146.05,0,7.45
P0722,Technology,10,271,6,4.51,1,0.94,3,375.03,0,7.37
P0723,Technology,9,333,21,5.85,1,0.76,1,486.82,0,2.71
P0724,Technology,5,73,10,8.64,1,0.72,5,116.0,0,10.0
P0725,Retail,10,284,22,2.79,3,0.1,4,250.34,1,9.71
P0726,Finance,19,487,10,7.62,4,0.65,3,712.3,0,7.9
P0727,Retail,15,141,3,9.86,2,0.74,5,238.85,0,9.76
P0728,Finance,5,99,18,9.48,2,0.57,5,181.25,0,9.46
P0729,Healthcare,19,134,3,9.19,4,0.97,1,243.49,0,1.75
P0730,Retail,8,261,20,1.87,2,0.73,1,294.71,0,2.8
P0731,Healthcare,3,273,13,5.77,4,0.43,2,369.97,0,5.49
P0732,Retail,13,141,23,6.39,0,0.24,3,200.63,0,6.47
P0733,Manufacturing,18,491,4,6.77,2,0.65,5,728.07,0,10.0
P0734,Manufacturing,3,302,6,3.39,4,0.45,2,375.52,0,4.34
P0735,Manufacturing,4,53,13,9.08,2,0.75,5,78.23,0,9.31
P0736,Technology,12,187,19,2.14,1,0.08,2,188.91,1,5.89
P0737,Technology,17,289,17,5.51,0,0.48,3,381.74,0,5.72
P0738,Technology,19,196,3,8.78,4,0.3,1,287.32,0,1.46
P0739,Technology,12,308,9,7.69,2,0.63,5,440.97,0,8.69
P0740,Healthcare,19,401,14,1.23,1,0.63,4,427.93,0,7.84
P0741,Retail,20,368,20,7.35,1,0.6,4,567.48,0,7.29
P0742,Finance,11,148,17,8.38,2,0.53,2,243.68,0,3.03
P0743,Retail,16,90,6,6.34,0,0.27,2,120.92,0,3.81
P0744,Technology,14,171,22,8.71,2,0.2,5,260.72,0,9.65
P0745,Retail,12,430,14,2.66,1,0.56,2,524.42,0,3.65
P0746,Healthcare,10,342,6,9.76,0,0.54,2,564.42,0,2.81
P0747,Retail,11,313,15,2.73,4,0.54,2,345.55,0,5.23
P0748,Finance,7,124,18,9.9,1,0.89,4,211.05,0,9.31
P0749,Healthcare,7,323,6,2.42,1,0.5,1,351.86,1,4.67
P0750,Healthcare,16,379,4,3.61,2,0.27,3,413.23,1,8.01
P0751,Finance,4,255,14,9.0,1,0.97,5,450.64,0,9.84
P0752,Technology,13,245,15,4.92,4,0.12,4,281.45,1,10.0
P0753,Healthcare,5,64,7,6.56,0,0.34,2,104.3,0,2.0
P0754,Healthcare,7,64,3,8.94,3,0.53,3,105.79,0,5.36
P0755,Retail,12,483,8,7.71,2,0.92,1,803.73,0,2.11
P0756,Technology,7,115,17,7.03,3,0.29,2,140.78,0,2.6
P0757,Retail,14,244,23,7.7,0,0.92,1,405.29,0,1.33
P0758,Healthcare,16,194,22,3.51,0,0.71,1,217.83,0,0.35
P0759,Finance,9,236,7,1.83,1,0.53,3,231.65,0,6.09
P0760,Healthcare,16,255,5,2.08,2,0.08,4,262.92,1,9.49
P0761,Finance,19,207,6,5.36,2,0.08,2,205.41,1,7.87
P0762,Technology,17,185,4,3.65,2,0.21,3,191.08,1,9.19
P0763,Retail,20,404,18,5.39,2,0.49,1,543.98,0,0.34
P0764,Finance,3,468,21,8.64,0,0.84,5,779.93,0,10.0
P0765,Healthcare,10,84,18,3.52,2,0.3,1,112.24,0,2.52
P0766,Technology,14,76,19,2.23,1,0.68,5,100.47,0,10.0
P0767,Retail,5,210,22,9.94,4,0.34,2,330.3,0,4.9
P0768,Technology,20,446,5,3.41,4,0.14,4,467.52,1,9.8
P0769,Retail,4,471,8,8.27,0,0.77,5,770.25,0,9.49
P0770,Technology,17,336,18,8.74,1,0.28,1,492.26,0,0.0
P0771,Manufacturing,16,225,16,1.76,5,0.96,5,271.08,0,10.0
P0772,Technology,12,491,7,6.93,5,0.99,3,776.55,0,7.36
P0773,Technology,16,236,14,2.33,1,0.02,3,226.47,1,8.54
P0774,Healthcare,19,314,3,7.27,1,0.98,1,530.7,0,1.11
P0775,Finance,13,235,7,9.48,2,0.49,2,372.61,0,2.81
P0776,Healthcare,14,341,20,2.67,7,0.12,4,362.44,1,10.0
P0777,Retail,8,88,13,1.8,1,0.15,4,90.68,1,9.8
P0778,Healthcare,11,182,8,5.32,3,0.68,2,248.57,0,3.95
P0779,Manufacturing,20,471,9,8.19,3,0.73,2,768.09,0,4.25
P0780,Finance,11,425,19,1.98,1,0.44,4,481.97,1,8.95
P0781,Technology,6,265,5,4.08,2,0.36,3,323.15,0,6.26
P0782,Retail,7,448,14,5.35,2,0.54,3,614.98,0,5.64
P0783,Finance,5,378,6,4.67,0,0.4,2,477.68,0,5.32
P0784,Retail,13,139,3,1.75,2,0.65,5,145.61,0,9.89
P0785,Retail,17,437,11,3.71,1,0.2,5,480.24,1,10.0
P0786,Technology,15,170,21,1.11,1,0.39,4,188.06,1,9.3
P0787,Manufacturing,4,455,17,2.88,2,0.72,3,553.79,0,5.07
P0788,Manufacturing,9,355,15,9.5,6,0.21,1,532.77,0,2.04
P0789,Technology,13,205,9,9.04,1,0.25,2,319.54,0,5.16
P0790,Retail,16,230,18,3.34,3,0.94,3,332.27,0,5.57
P0791,Retail,11,107,13,8.95,2,0.05,4,136.48,0,8.37
P0792,Technology,9,382,20,2.62,2,0.07,4,368.09,1,9.06
P0793,Technology,10,105,6,8.85,3,0.69,5,172.65,0,8.35
P0794,Healthcare,14,408,5,8.95,1,0.26,1,618.81,0,2.41
P0795,Finance,17,144,12,4.77,1,0.14,1,166.79,0,1.16
P0796,Technology,15,347,12,7.77,1,0.84,3,523.55,0,6.29
P0797,Healthcare,9,115,10,6.58,1,0.47,1,141.96,0,0.62
P0798,Retail,4,296,13,7.0,3,0.05,2,369.04,0,4.41
P0799,Retail,17,215,19,6.63,4,0.9,4,329.65,0,9.69
P0800,Technology,8,451,15,7.21,1,0.92,3,691.92,0,5.73
P0801,Manufacturing,12,374,19,7.26,2,0.16,5,517.19,0,9.91
P0802,Technology,17,417,20,4.91,2,0.91,3,599.77,0,6.6
P0803,Finance,16,448,13,2.19,1,0.33,4,474.32,1,8.41
P0804,Healthcare,4,397,3,2.88,2,0.24,5,419.55,1,10.0
P0805,Technology,13,81,23,1.98,1,0.28,1,97.97,0,1.31
P0806,Healthcare,16,430,8,2.69,0,0.87,4,529.51,0,8.74
P0807,Technology,9,227,17,2.9,2,0.12,1,224.36,1,4.37
P0808,Healthcare,5,321,17,2.27,2,0.32,3,347.22,1,8.19
P0809,Healthcare,15,112,22,7.73,0,0.17,4,177.84,0,7.88
P0810,Healthcare,13,64,15,2.01,1,0.18,5,73.12,1,10.0
P0811,Finance,10,410,4,6.62,2,0.28,1,522.5,0,2.45
P0812,Healthcare,13,205,13,5.64,1,0.12,1,243.98,0,1.82
P0813,Retail,9,360,7,3.76,1,0.84,1,480.11,0,3.81
P0814,Manufacturing,20,471,11,7.8,2,0.15,4,627.42,0,8.23
P0815,Manufacturing,9,147,23,8.44,5,0.05,5,195.07,0,8.91
P0816,Technology,12,129,10,6.12,2,0.01,5,144.78,1,10.0
P0817,Healthcare,7,297,19,1.08,1,0.09,5,259.67,1,10.0
P0818,Retail,17,221,7,2.3,4,0.38,3,240.38,1,8.1
P0819,Finance,17,114,18,7.96,1,0.78,3,154.05,0,6.96
P0820,Finance,14,492,3,3.85,1,0.48,1,598.07,0,3.24
P0821,Manufacturing,16,330,9,1.01,2,0.29,1,339.52,1,5.29
P0822,Technology,14,215,6,6.74,1,0.84,4,329.3,0,7.4
P0823,Healthcare,13,390,4,6.71,1,0.58,1,562.4,0,1.77
P0824,Healthcare,11,280,11,9.98,1,0.1,3,435.67,0,5.52
P0825,Manufacturing,13,346,16,1.52,4,0.59,4,379.19,0,8.82
P0826,Manufacturing,17,212,14,3.54,0,0.97,1,292.7,0,2.94
P0827,Healthcare,17,409,9,8.96,3,0.67,2,676.27,0,4.42
P0828,Technology,5,281,20,6.05,4,0.49,4,366.72,0,8.8
P0829,Manufacturing,3,387,21,2.1,1,0.39,4,426.02,1,10.0
P0830,Retail,11,445,6,2.0,5,0.76,5,541.72,0,9.29
P0831,Retail,17,116,5,7.43,1,0.06,3,128.19,1,5.97
P0832,Manufacturing,14,417,23,8.57,1,0.4,3,612.4,0,5.98
P0833,Manufacturing,18,77,5,9.07,3,0.31,2,132.18,0,3.38
P0834,Manufacturing,5,327,13,3.51,0,0.94,4,457.12,0,8.24
P0835,Healthcare,17,411,11,2.35,0,0.48,1,461.18,1,2.98
P0836,Retail,8,288,19,6.22,0,0.01,3,351.27,0,6.47
P0837,Technology,18,235,14,7.45,1,0.56,4,345.99,0,9.45
P0838,Technology,14,254,18,4.39,2,0.1,3,286.3,1,6.89
P0839,Manufacturing,16,174,15,1.97,1,0.75,3,214.8,0,5.44
P0840,Finance,15,243,22,7.87,1,0.21,4,382.43,0,7.15
P0841,Retail,10,198,21,1.6,4,0.51,3,219.92,0,5.98
P0842,Retail,18,175,23,7.21,1,0.42,2,251.57,0,5.38
P0843,Finance,13,435,14,9.76,0,0.38,1,684.87,0,1.56
P0844,Retail,9,81,18,4.01,2,0.06,1,100.02,0,2.83
P0845,Technology,17,383,23,8.55,1,0.05,4,555.57,0,7.73
P0846,Healthcare,7,203,16,9.74,1,0.58,5,325.9,0,9.58
P0847,Healthcare,4,361,8,4.72,2,0.24,4,421.91,0,8.14
P0848,Technology,14,146,6,1.47,2,0.94,3,156.13,0,4.51
P0849,Finance,8,227,22,5.06,2,0.41,2,286.57,0,5.25
P0850,Technology,20,441,22,2.78,3,0.58,5,526.27,0,8.81
P0851,Finance,12,398,23,9.79,2,0.2,4,628.71,0,5.86
P0852,Technology,4,281,3,9.76,1,0.68,1,477.82,0,2.74
P0853,Retail,3,143,16,1.03,1,0.09,3,134.81,1,7.59
P0854,Retail,6,92,6,8.94,2,0.26,1,138.27,0,0.2
P0855,Healthcare,18,246,11,7.74,1,0.03,4,338.82,0,7.28
P0856,Finance,6,165,18,9.8,1,0.51,4,267.07,0,8.86
P0857,Healthcare,15,423,15,5.47,1,0.22,2,535.03,0,3.77
P0858,Finance,3,88,21,5.01,1,0.6,4,113.97,0,9.75
P0859,Finance,13,440,8,1.15,3,0.42,1,463.92,1,3.19
P0860,Retail,14,109,15,3.24,4,0.91,5,132.25,0,9.29
P0861,Healthcare,9,289,22,9.45,2,0.89,3,468.9,0,7.45
P0862,Retail,13,359,17,2.97,2,0.56,2,406.38,0,3.03
P0863,Retail,15,342,7,5.59,2,0.74,2,513.71,0,4.66
P0864,Finance,6,148,3,1.57,2,0.51,3,171.95,0,3.66
P0865,Manufacturing,16,237,8,8.87,2,0.4,2,378.14,0,3.93
P0866,Finance,11,238,15,9.02,4,0.9,5,425.32,0,10.0
P0867,Technology,19,284,19,2.54,3,0.32,3,321.79,1,8.73
P0868,Healthcare,15,192,21,8.73,4,0.49,4,292.66,0,7.76
P0869,Healthcare,9,450,9,4.28,3,0.7,2,592.75,0,3.19
P0870,Healthcare,13,107,19,4.24,4,0.59,2,156.41,0,2.35
P0871,Retail,8,200,22,9.6,4,0.63,3,311.71,0,7.92
P0872,Retail,3,68,3,5.87,5,0.16,2,73.96,1,7.39
P0873,Retail,17,339,10,1.52,3,0.66,5,359.93,0,10.0
P0874,Retail,5,88,12,3.78,0,0.38,1,103.9,0,2.28
P0875,Healthcare,16,215,22,3.77,1,0.95,3,306.33,0,6.95
P0876,Retail,15,416,16,2.83,2,0.09,2,418.04,1,6.8
P0877,Manufacturing,7,94,17,7.66,3,0.62,3,144.55,0,7.46
P0878,Retail,17,303,10,3.35,4,0.83,1,408.97,0,2.7
P0879,Technology,14,362,11,6.07,2,0.44,4,478.13,0,8.31
P0880,Technology,15,261,13,4.96,2,0.49,3,364.42,0,5.88
P0881,Finance,15,373,19,4.46,3,0.58,2,489.36,0,4.25
P0882,Retail,17,173,23,3.35,1,0.59,1,212.98,0,2.73
P0883,Technology,9,485,19,7.11,2,0.19,4,639.08,0,7.52
P0884,Retail,15,414,3,3.23,5,0.36,4,426.05,1,10.0
P0885,Technology,17,425,12,7.22,1,0.17,1,576.8,0,1.92
P0886,Finance,14,143,23,8.72,1,0.46,2,229.76,0,3.84
P0887,Manufacturing,15,453,9,8.49,1,0.01,3,606.92,0,8.48
P0888,Healthcare,7,414,6,5.86,2,0.55,4,585.13,0,6.98
P0889,Retail,17,221,18,8.35,0,0.79,4,346.51,0,6.55
P0890,Healthcare,18,296,21,4.71,4,0.59,1,389.87,0,3.58
P0891,Healthcare,11,462,8,9.67,3,0.66,4,758.1,0,8.56
P0892,Healthcare,5,143,18,1.11,3,0.81,5,132.45,0,10.0
P0893,Retail,5,265,9,1.04,3,0.16,5,245.67,1,10.0
P0894,Manufacturing,7,184,13,3.38,2,0.05,5,204.22,1,10.0
P0895,Retail,5,435,21,3.73,3,0.04,1,457.01,1,2.99
P0896,Retail,18,453,6,7.03,4,0.54,3,648.7,0,6.12
P0897,Retail,15,493,9,9.96,0,0.27,5,763.19,0,8.12
P0898,Healthcare,3,407,20,6.95,2,0.36,2,561.86,0,3.9
P0899,Healthcare,17,303,8,1.91,1,0.09,1,295.29,1,3.98
P0900,Technology,5,74,13,3.64,0,0.85,1,85.38,0,3.95
P0901,Finance,11,173,9,2.7,1,0.81,2,224.56,0,5.5
P0902,Retail,17,436,22,3.48,1,0.49,1,528.28,0,2.01
P0903,Manufacturing,4,268,13,9.15,3,0.39,2,403.67,0,4.73
P0904,Healthcare,16,236,12,5.0,5,0.93,5,326.14,0,9.35
P0905,Finance,12,349,7,3.34,3,0.24,1,385.89,1,4.77
P0906,Manufacturing,11,219,17,5.0,3,0.97,4,314.93,0,6.56
P0907,Technology,16,405,18,7.23,2,0.1,4,543.19,0,8.37
P0908,Healthcare,17,269,20,8.84,3,0.37,1,414.55,0,2.86
P0909,Finance,15,289,19,1.73,2,0.77,3,349.01,0,5.99
P0910,Retail,9,140,6,5.92,3,0.64,1,225.34,0,1.66
P0911,Manufacturing,9,320,9,9.46,1,0.66,4,547.75,0,6.75
P0912,Manufacturing,14,269,4,4.55,1,0.07,1,320.88,0,1.97
P0913,Technology,20,382,15,8.31,3,0.15,2,555.82,0,2.76
P0914,Healthcare,15,81,12,1.91,1,0.17,3,82.53,1,8.69
P0915,Finance,14,494,8,9.27,0,0.9,2,827.76,0,3.11
P0916,Technology,12,414,13,4.62,1,0.01,1,443.96,1,3.73
P0917,Technology,13,131,11,7.52,2,0.79,4,211.56,0,8.38
P0918,Finance,9,284,18,7.09,1,0.21,1,373.06,0,0.65
P0919,Manufacturing,5,222,5,6.97,1,0.25,1,312.05,0,0.83
P0920,Retail,20,239,14,6.09,3,0.26,3,314.83,0,7.55
P0921,Healthcare,14,492,14,8.73,3,0.87,4,831.54,0,7.91
P0922,Manufacturing,17,386,13,8.51,2,0.52,1,621.87,0,0.0
P0923,Retail,18,362,14,2.35,1,0.59,2,415.84,0,3.28
P0924,Retail,10,460,3,5.95,1,0.17,4,552.69,0,9.99
P0925,Healthcare,19,138,23,7.03,1,0.27,1,207.3,0,2.93
P0926,Healthcare,4,278,4,9.25,2,0.27,5,445.89,0,9.13
P0927,Retail,18,375,23,9.86,1,0.26,4,542.26,0,7.86
P0928,Manufacturing,9,350,23,1.45,4,0.22,1,352.83,1,3.3
P0929,Healthcare,4,142,4,7.97,2,0.42,3,208.59,0,6.49
P0930,Finance,13,438,6,9.12,2,0.36,1,692.8,0,0.94
P0931,Finance,11,162,6,5.33,5,0.37,2,212.2,0,3.95
P0932,Technology,7,220,21,5.8,2,0.99,2,338.41,0,3.48
P0933,Retail,20,164,14,7.28,4,0.05,2,214.85,0,3.6
P0934,Healthcare,9,354,21,9.47,1,0.95,2,613.89,0,3.1
P0935,Technology,3,390,8,1.62,4,0.57,5,435.68,0,9.43
P0936,Retail,18,114,16,6.01,2,0.49,2,144.8,0,3.88
P0937,Finance,19,91,7,1.3,0,0.93,3,111.61,0,6.75
P0938,Finance,12,326,18,4.8,3,0.44,1,425.07,0,2.29
P0939,Technology,3,53,23,3.22,0,0.32,5,85.27,0,9.43
P0940,Healthcare,17,423,17,8.14,3,0.12,3,597.98,0,6.04
P0941,Retail,3,435,23,9.79,2,0.46,5,689.35,0,9.78
P0942,Technology,4,56,15,3.05,1,0.12,5,39.18,1,10.0
P0943,Manufacturing,18,66,22,9.69,3,0.31,2,114.65,0,3.36
P0944,Healthcare,15,335,21,1.54,3,0.12,3,309.47,1,8.6
P0945,Finance,3,448,21,3.05,2,0.51,5,528.39,0,10.0
P0946,Manufacturing,3,292,20,3.8,5,0.05,2,298.61,1,7.07
P0947,Retail,7,154,16,2.41,3,0.95,5,188.26,0,8.17
P0948,Manufacturing,4,191,11,1.0,1,0.88,4,214.79,0,7.78
P0949,Technology,15,263,9,7.19,1,0.23,5,369.2,0,8.78
P0950,Finance,8,304,11,2.28,2,0.03,3,278.7,1,7.22
P0951,Technology,4,300,20,8.93,0,0.65,4,488.11,0,8.62
P0952,Retail,10,454,3,3.01,1,0.1,4,443.5,1,10.0
P0953,Manufacturing,15,172,8,5.51,2,0.87,4,253.96,0,8.36
P0954,Manufacturing,19,259,9,9.33,0,0.55,5,414.9,0,9.0
P0955,Healthcare,17,92,22,1.44,3,0.83,3,102.07,0,6.71
P0956,Technology,14,71,7,6.98,1,0.06,4,78.13,1,9.21
P0957,Finance,4,441,13,4.2,1,0.23,5,496.24,1,10.0
P0958,Technology,10,140,11,9.49,4,0.46,1,232.0,0,2.75
P0959,Manufacturing,19,429,10,1.27,1,0.91,3,514.31,0,3.97
P0960,Manufacturing,18,437,18,3.49,1,0.75,1,575.01,0,2.56
P0961,Finance,10,392,5,6.05,3,0.89,3,581.29,0,6.09
P0962,Technology,11,207,4,3.55,4,0.71,5,247.37,0,10.0
P0963,Healthcare,6,383,13,4.06,3,0.74,5,488.87,0,9.66
P0964,Healthcare,11,244,21,9.67,0,0.71,3,418.03,0,6.17
P0965,Retail,17,175,3,1.07,1,0.8,4,196.84,0,8.54
P0966,Finance,6,168,18,8.51,2,0.35,4,253.28,0,8.01
P0967,Manufacturing,12,107,19,5.95,4,0.33,5,141.49,0,10.0
P0968,Manufacturing,12,143,8,5.41,0,0.24,1,170.14,0,3.34
P0969,Retail,8,240,4,5.21,2,0.23,5,276.62,0,9.55
P0970,Healthcare,14,488,16,4.2,3,0.2,1,568.48,0,1.13
P0971,Manufacturing,10,202,18,7.61,2,0.94,2,325.77,0,3.55
P0972,Manufacturing,19,382,9,9.34,2,0.27,3,610.59,0,6.31
P0973,Retail,11,87,4,8.9,2,0.2,3,144.17,0,7.41
P0974,Manufacturing,8,73,3,7.75,2,0.91,2,117.67,0,3.96
P0975,Manufacturing,8,198,8,6.29,0,0.46,3,262.83,0,4.39
P0976,Technology,17,139,15,1.77,1,0.06,4,152.13,1,8.51
P0977,Healthcare,3,136,14,8.37,3,0.45,4,194.08,0,7.91
P0978,Manufacturing,8,278,9,8.12,3,0.12,3,403.94,0,5.39
P0979,Manufacturing,13,492,7,7.55,2,0.38,2,716.36,0,4.6
P0980,Finance,9,186,23,3.8,2,0.01,3,187.2,1,7.13
P0981,Finance,6,127,22,2.13,1,0.78,2,171.46,0,3.96
P0982,Finance,10,399,23,4.74,2,0.71,3,526.09,0,5.84
P0983,Retail,4,428,19,7.14,0,0.39,3,602.33,0,5.49
P0984,Manufacturing,13,451,5,8.17,1,1.0,5,747.18,0,9.54
P0985,Technology,5,71,15,3.5,0,0.54,2,69.53,0,3.68
P0986,Retail,17,239,14,6.89,0,0.58,3,334.91,0,5.37
P0987,Manufacturing,11,406,15,2.02,4,0.51,3,447.63,0,5.23
P0988,Technology,19,422,6,3.67,1,0.04,2,457.79,1,6.99
P0989,Healthcare,7,302,15,5.2,5,0.06,3,351.58,0,7.71
P0990,Healthcare,3,406,19,3.73,0,0.77,5,527.48,0,10.0
P0991,Retail,11,406,14,7.33,1,0.83,3,610.93,0,4.7
P0992,Manufacturing,16,268,21,4.8,4,0.25,4,337.57,0,6.64
P0993,Technology,6,109,14,2.04,1,0.17,3,119.84,1,9.13
P0994,Technology,19,314,10,7.29,2,0.22,2,444.97,0,5.95
P0995,Finance,9,103,11,2.85,4,0.38,5,96.46,1,10.0
P0996,Finance,11,214,23,9.76,3,0.05,2,320.76,0,2.8
P0997,Retail,13,499,6,5.09,3,0.99,1,714.72,0,2.04
P0998,Retail,16,264,19,3.23,0,0.55,2,332.56,0,3.56
P0999,Healthcare,8,58,17,7.66,2,0.88,2,91.18,0,3.19
P1000,Retail,12,197,23,6.79,1,0.96,1,302.19,0,2.25
